<?xml version="1.0"?>
<data grt_format="2.0">
  <value _ptr_="0x6000002abac0" type="list" content-type="object" content-struct-name="db.mgmt.Connection">
    <value type="object" struct-name="db.mgmt.Connection" id="8C70DFCF-3050-43C9-B5E3-C34DEEE87683" struct-checksum="0x96ba47d8">
      <link type="object" struct-name="db.mgmt.Driver" key="driver">com.mysql.rdbms.mysql.driver.native</link>
      <value type="string" key="hostIdentifier">Mysql@localhost:3306</value>
      <value type="int" key="isDefault">0</value>
      <value _ptr_="0x600000aa7d40" type="dict" key="modules"/>
      <value _ptr_="0x600000aa7e60" type="dict" key="parameterValues">
        <value type="string" key="hostName">localhost</value>
        <value type="int" key="port">3306</value>
        <value type="string" key="userName">root</value>
      </value>
      <value type="string" key="name">Local instance 3306</value>
    </value>
    <value type="object" struct-name="db.mgmt.Connection" id="FEFC9B5E-3FE2-487B-B2E2-558C21B57975" struct-checksum="0x96ba47d8">
      <link type="object" struct-name="db.mgmt.Driver" key="driver">com.mysql.rdbms.mysql.driver.native</link>
      <value type="string" key="hostIdentifier">Mysql@127.0.0.1:3306</value>
      <value type="int" key="isDefault">0</value>
      <value _ptr_="0x6040002a1b00" type="dict" key="modules"/>
      <value _ptr_="0x6040002a09c0" type="dict" key="parameterValues">
        <value type="string" key="DbSqlEditor:LastDefaultSchema">xuanyuan</value>
        <value type="string" key="SQL_MODE"></value>
        <value type="string" key="hostName">127.0.0.1</value>
        <value type="int" key="lastConnected">1527214053</value>
        <value type="string" key="password"></value>
        <value type="int" key="port">3306</value>
        <value type="string" key="schema"></value>
        <value type="string" key="serverVersion">8.0.11</value>
        <value type="string" key="sslCA"></value>
        <value type="string" key="sslCert"></value>
        <value type="string" key="sslCipher"></value>
        <value type="string" key="sslKey"></value>
        <value type="int" key="useSSL">1</value>
        <value type="string" key="userName">root</value>
      </value>
      <value type="string" key="name">Unique</value>
    </value>
  </value>
</data>
