<?xml version="1.0"?>
<data grt_format="2.0">
  <value _ptr_="0x6000002aba60" type="list" content-type="object" content-struct-name="db.mgmt.ServerInstance">
    <value type="object" struct-name="db.mgmt.ServerInstance" id="F55A16B1-7E4B-430A-81E3-5C0279174287" struct-checksum="0x367436e2">
      <link type="object" struct-name="db.mgmt.Connection" key="connection">8C70DFCF-3050-43C9-B5E3-C34DEEE87683</link>
      <value _ptr_="0x600000aa7800" type="dict" key="loginInfo"/>
      <value _ptr_="0x600000aa7a40" type="dict" key="serverInfo">
        <value type="int" key="setupPending">1</value>
        <value type="string" key="sys.config.path"></value>
        <value type="string" key="sys.config.section">mysqld</value>
        <value type="string" key="sys.preset">Custom</value>
        <value type="string" key="sys.system">MacOS X</value>
      </value>
      <value type="string" key="name">Local 3306</value>
      <link type="object" struct-name="GrtObject" key="owner">27646B4C-3D15-423E-B292-4D56741DF55D</link>
    </value>
    <value type="object" struct-name="db.mgmt.ServerInstance" id="786D37C3-3EFC-498A-BCB7-EF098D64FED9" struct-checksum="0x367436e2">
      <link type="object" struct-name="db.mgmt.Connection" key="connection">FEFC9B5E-3FE2-487B-B2E2-558C21B57975</link>
      <value _ptr_="0x6040002a6d80" type="dict" key="loginInfo">
        <value type="string" key="ssh.hostName"></value>
        <value type="string" key="ssh.key">~/.ssh/ssh_private_key</value>
        <value type="string" key="ssh.localPort">3306</value>
        <value type="int" key="ssh.useKey">0</value>
        <value type="string" key="ssh.userName">mysql</value>
      </value>
      <value _ptr_="0x6040002a4c20" type="dict" key="serverInfo">
        <value type="string" key="serverVersion">5.7</value>
        <value type="int" key="setupPending">1</value>
        <value type="string" key="sys.config.path">/etc/my.cnf</value>
        <value type="string" key="sys.config.section">mysqld</value>
        <value type="string" key="sys.mysqld.start">launchctl load -F /Library/LaunchDaemons/com.oracle.oss.mysql.mysqld.plist</value>
        <value type="string" key="sys.mysqld.stop">launchctl unload -F /Library/LaunchDaemons/com.oracle.oss.mysql.mysqld.plist</value>
        <value type="string" key="sys.system">MacOS X</value>
        <value type="int" key="sys.usesudo">1</value>
      </value>
      <value type="string" key="name">Unique</value>
      <link type="object" struct-name="GrtObject" key="owner">27646B4C-3D15-423E-B292-4D56741DF55D</link>
    </value>
  </value>
</data>
